freq,X_2300us_unloaded_7,Y_2300us_unloaded_7,Z_2300us_unloaded_7
0,3.5908e-15,9.6395e-16,5.2964e-14
0.97656,0.00089053,0.0025166,4.1315e-05
1.9531,0.00039941,0.0011449,1.7606e-05
2.9297,0.00026455,0.00074512,1.1073e-05
3.9063,0.00018261,0.00054232,1.1827e-05
4.8828,0.00014566,0.00043058,1.8441e-05
5.8594,0.00012793,0.00033778,6.5154e-06
6.8359,0.00010286,0.00028005,8.3207e-06
7.8125,5.8531e-05,0.00025377,7.0498e-06
8.7891,5.5817e-05,0.00018942,9.5503e-06
9.7656,6.8308e-05,0.00015992,1.4131e-05
10.742,3.0454e-05,0.00013748,8.5678e-06
11.719,1.8437e-05,0.00014403,4.5375e-06
12.695,4.9872e-05,0.00011371,2.8143e-06
13.672,3.6096e-05,8.2591e-05,5.1468e-06
14.648,3.4106e-05,8.717e-05,8.6013e-06
15.625,4.6968e-05,7.773e-05,1.5949e-05
16.602,4.5408e-05,5.5387e-05,4.1023e-06
17.578,4.388e-05,3.8509e-05,9.1337e-06
18.555,1.1198e-05,1.2743e-05,1.46e-05
19.531,2.9002e-05,4.6531e-05,1.337e-05
20.508,3.3503e-05,2.1764e-06,8.2825e-06
21.484,9.9857e-06,2.7613e-05,1.1382e-05
22.461,4.5896e-06,2.1169e-05,9.8161e-07
23.438,1.3363e-05,3.2956e-05,4.8144e-06
24.414,1.155e-05,2.3097e-05,4.2239e-06
25.391,1.9936e-05,1.2529e-05,9.094e-06
26.367,3.2922e-05,2.6772e-05,7.3645e-06
27.344,4.1621e-05,7.6217e-05,9.4976e-06
28.32,2.8701e-05,3.5504e-05,3.4767e-06
29.297,1.7008e-05,3.9734e-05,3.965e-06
30.273,6.3052e-06,3.633e-05,1.3758e-05
31.25,3.1653e-06,8.0316e-05,1.3367e-05
32.227,9.8594e-06,4.8775e-05,3.9971e-06
33.203,4.6227e-05,5.5281e-05,1.3197e-05
34.18,1.6287e-05,4.8406e-05,1.1524e-05
35.156,2.1641e-05,0.00011961,1.6839e-05
36.133,5.3408e-06,4.4175e-05,5.7941e-06
37.109,1.6594e-05,6.7835e-05,1.613e-06
38.086,3.4533e-05,5.6661e-05,6.8494e-06
39.063,3.7457e-05,8.9976e-05,2.1697e-05
40.039,2.5811e-05,5.8148e-05,1.3366e-05
41.016,4.8308e-05,5.1517e-05,4.9375e-06
41.992,2.5181e-05,6.68e-05,6.0751e-06
42.969,1.3517e-05,6.7876e-05,7.2858e-06
43.945,4.9529e-05,1.7481e-05,4.3423e-06
44.922,2.5395e-05,2.6603e-05,4.8129e-06
45.898,1.4878e-05,5.9613e-05,2.1695e-06
46.875,2.3335e-06,5.1062e-05,7.934e-06
47.852,2.512e-05,6.8995e-05,2.5538e-06
48.828,2.2466e-05,4.2278e-05,1.0793e-05
49.805,1.1929e-05,4.2183e-05,1.1234e-05
50.781,3.0097e-05,3.7213e-05,1.6913e-05
51.758,3.8886e-06,3.2038e-05,6.2978e-06
52.734,2.2049e-05,2.9769e-05,1.0751e-05
53.711,2.9954e-05,3.1926e-05,1.2546e-05
54.688,2.1755e-05,2.7533e-05,1.1395e-05
55.664,1.872e-05,5.7031e-05,1.1001e-05
56.641,7.0429e-06,2.4182e-05,9.998e-06
57.617,2.697e-05,4.1975e-05,4.5154e-06
58.594,8.0671e-06,3.4031e-05,6.2464e-06
59.57,1.9097e-05,9.0698e-06,8.447e-06
60.547,1.9137e-05,3.7044e-05,5.5479e-06
61.523,7.3257e-06,1.0479e-05,1.1753e-05
62.5,0.00014525,0.00016065,2.0601e-05
63.477,1.1544e-05,3.7082e-06,1.312e-05
64.453,2.0066e-05,2.8176e-05,4.3365e-06
65.43,1.7693e-05,1.8441e-05,2.8708e-06
66.406,3.8115e-05,2.6462e-05,1.623e-05
67.383,4.5773e-06,3.2791e-05,1.2328e-05
68.359,9.7254e-06,2.9083e-05,1.5707e-05
69.336,1.8657e-05,1.2737e-05,1.7165e-05
70.313,1.9484e-06,4.4869e-05,2.4895e-05
71.289,2.1236e-05,6.4027e-06,6.5647e-06
72.266,6.0308e-06,4.2573e-05,1.8822e-06
73.242,2.0796e-05,1.5229e-05,3.5982e-06
74.219,4.2754e-05,3.358e-05,1.1431e-05
75.195,2.7719e-05,4.5744e-05,8.4119e-06
76.172,5.7772e-06,1.9483e-05,7.6286e-06
77.148,1.6974e-05,2.4797e-05,7.2829e-06
78.125,1.2906e-05,3.2338e-05,3.7038e-06
79.102,1.8551e-05,3.5282e-05,6.0043e-06
80.078,3.1115e-05,2.776e-05,5.021e-06
81.055,2.455e-05,1.722e-05,2.4641e-06
82.031,3.4882e-05,1.9796e-05,9.2587e-06
83.008,1.9213e-06,4.6636e-05,7.2244e-06
83.984,1.9053e-05,4.3848e-05,8.5212e-06
84.961,3.4911e-06,2.2156e-05,6.8338e-06
85.938,2.972e-05,3.4374e-05,1.1419e-05
86.914,2.1043e-05,2.3814e-05,2.5718e-06
87.891,2.4814e-05,2.8674e-05,1.439e-06
88.867,3.0872e-05,2.0421e-05,1.4741e-06
89.844,1.4354e-05,5.9582e-05,1.49e-05
90.82,1.8721e-05,3.059e-05,7.0699e-06
91.797,1.4113e-05,7.1675e-05,6.7671e-06
92.773,9.535e-06,2.5585e-05,7.7729e-07
93.75,1.1585e-05,4.575e-05,1.4725e-05
94.727,1.284e-05,1.4256e-05,1.3124e-05
95.703,2.2115e-05,1.5202e-05,7.1136e-06
96.68,1.6442e-05,7.9305e-06,7.509e-06
97.656,1.2805e-05,5.5281e-05,1.1249e-05
98.633,3.922e-05,3.093e-05,1.7021e-06
99.609,2.9444e-05,5.1245e-06,1.9702e-06
100.59,6.8459e-06,1.8967e-05,7.9527e-06
101.56,1.8373e-05,4.6814e-05,1.2758e-05
102.54,2.097e-05,1.813e-05,4.4279e-06
103.52,1.4065e-05,9.8326e-06,8.1352e-06
104.49,2.0266e-05,1.4967e-05,4.0177e-06
105.47,1.9761e-05,4.3773e-05,8.3603e-06
106.45,3.0424e-05,1.5364e-05,8.4702e-06
107.42,1.5827e-05,5.7379e-06,6.5548e-06
108.4,2.4226e-05,2.2395e-05,8.5443e-06
109.38,2.603e-06,2.7232e-05,1.4672e-05
110.35,6.8716e-06,1.7802e-05,3.9472e-06
111.33,2.7115e-06,1.1697e-05,9.1051e-07
112.3,2.365e-05,7.3002e-06,1.1113e-05
113.28,1.3734e-05,2.321e-05,2.2134e-05
114.26,1.9743e-05,2.2325e-05,1.3226e-05
115.23,2.7544e-06,3.6267e-05,7.4612e-06
116.21,3.3187e-06,7.0248e-06,1.63e-05
117.19,1.2382e-05,5.4842e-05,4.3154e-06
118.16,8.2173e-06,2.0749e-05,1.8975e-06
119.14,1.976e-05,2.4687e-05,7.661e-06
120.12,2.6348e-05,7.7239e-06,1.6654e-06
121.09,2.5526e-05,4.474e-05,1.5075e-05
122.07,1.6855e-05,2.8927e-05,1.5372e-05
123.05,5.27e-06,8.8971e-06,1.6814e-05
124.02,3.0915e-05,3.7901e-05,1.1696e-05
125,0.00010322,0.0001229,1.343e-05
125.98,1.7918e-05,2.5514e-05,6.6476e-06
126.95,2.2462e-05,9.9117e-06,7.9498e-06
127.93,1.3796e-05,1.3125e-05,1.3783e-05
128.91,2.9099e-05,5.1919e-05,1.9152e-05
129.88,1.2386e-05,1.7295e-05,9.9096e-06
130.86,1.3091e-05,2.2853e-05,9.8035e-06
131.84,1.6279e-05,2.6523e-05,6.9569e-06
132.81,1.7855e-05,4.9616e-05,4.0942e-06
133.79,3.0562e-05,1.6657e-06,6.2202e-06
134.77,1.6612e-05,2.8738e-06,2.7957e-06
135.74,3.0394e-05,1.8089e-05,8.6197e-06
136.72,2.3484e-05,1.2311e-05,1.1724e-05
137.7,5.2743e-06,3.118e-05,1.5224e-05
138.67,9.0165e-06,1.2293e-05,1.0984e-05
139.65,2.88e-05,1.633e-05,6.9792e-06
140.63,1.3451e-05,5.4377e-05,1.8385e-05
141.6,3.0569e-05,1.9645e-05,8.1893e-06
142.58,2.5621e-05,1.5043e-06,5.1984e-06
143.55,1.2899e-05,7.8094e-06,5.1137e-06
144.53,1.6918e-06,3.0624e-05,1.1768e-05
145.51,1.3518e-05,1.3612e-05,1.6607e-05
146.48,1.9147e-05,3.1179e-05,1.4422e-05
147.46,1.7372e-05,2.1123e-05,9.9682e-06
148.44,6.7112e-06,5.3964e-05,7.7269e-06
149.41,5.0087e-06,4.0496e-05,6.5993e-06
150.39,1.2406e-05,3.3546e-05,2.7075e-06
151.37,7.1558e-06,8.0752e-06,1.1739e-05
152.34,9.1826e-06,1.7718e-05,1.1883e-05
153.32,1.5477e-05,3.8983e-06,9.8511e-06
154.3,1.4755e-05,2.7524e-05,1.3474e-05
155.27,3.7483e-05,4.7116e-06,6.6863e-06
156.25,2.0747e-05,4.319e-05,1.9038e-05
157.23,9.733e-06,2.952e-05,1.259e-05
158.2,1.9721e-05,2.6303e-05,5.3114e-06
159.18,1.1699e-05,1.4357e-05,3.2132e-06
160.16,5.4884e-06,2.7614e-05,1.7651e-05
161.13,2.2357e-05,1.8753e-05,1.1877e-05
162.11,2.0927e-05,3.8805e-05,7.3797e-06
163.09,2.0389e-05,6.9538e-06,2.8145e-06
164.06,7.3801e-06,2.1727e-05,3.9551e-06
165.04,2.1492e-05,2.8511e-05,2.0587e-06
166.02,1.2967e-05,2.4273e-05,3.3402e-06
166.99,1.9276e-05,6.4918e-06,7.8498e-06
167.97,3.793e-06,9.7468e-06,7.7211e-06
168.95,1.7687e-05,4.1137e-05,5.194e-06
169.92,2.7585e-05,2.7775e-05,1.0705e-05
170.9,1.5304e-05,1.7575e-05,6.207e-06
171.88,9.1947e-06,4.2458e-05,1.4582e-05
172.85,1.3195e-05,2.8387e-05,7.7731e-06
173.83,1.3419e-05,2.1854e-05,3.0774e-06
174.8,2.7287e-05,1.1944e-05,5.4863e-06
175.78,1.614e-05,2.1668e-05,1.39e-05
176.76,3.0142e-06,2.7271e-05,1.1271e-05
177.73,2.385e-05,3.1207e-05,1.7344e-05
178.71,3.3603e-05,2.9575e-05,1.4802e-05
179.69,1.1878e-05,5.7314e-05,1.2575e-05
180.66,3.1029e-05,4.0565e-06,1.3208e-05
181.64,1.0792e-05,2.7684e-05,7.1138e-06
182.62,8.6993e-06,1.6403e-05,9.7666e-06
183.59,2.3117e-05,1.2999e-05,9.0054e-06
184.57,1.2312e-05,2.4039e-05,1.6211e-05
185.55,1.2347e-05,2.4791e-05,1.4328e-05
186.52,2.1061e-06,7.0524e-06,2.1629e-05
187.5,0.00011725,9.9939e-05,2.3111e-05
188.48,2.1989e-05,4.9789e-06,1.0757e-05
189.45,6.7628e-06,1.645e-05,5.4949e-06
190.43,1.1288e-05,1.3241e-05,2.4436e-06
191.41,3.3913e-05,4.5887e-05,2.0334e-05
192.38,2.2035e-05,1.9309e-05,7.0653e-06
193.36,1.2165e-05,2.1238e-05,4.121e-06
194.34,1.044e-05,2.4261e-05,1.2491e-05
195.31,1.4911e-05,1.9898e-05,4.9961e-06
196.29,1.8642e-05,1.6398e-05,6.3139e-06
197.27,2.862e-06,1.0779e-05,7.8497e-06
198.24,3.3608e-05,2.515e-05,1.3612e-05
199.22,7.5595e-06,2.6248e-05,1.4969e-05
200.2,6.5235e-06,1.947e-05,8.1616e-06
201.17,1.6137e-05,2.5288e-05,6.6159e-06
202.15,1.1068e-05,8.5328e-06,7.2311e-06
203.13,8.9501e-06,4.1196e-05,8.1915e-06
204.1,1.9017e-05,2.084e-05,9.4988e-06
205.08,1.4842e-05,3.1186e-05,6.8667e-06
206.05,1.709e-05,3.3374e-05,1.5073e-05
207.03,5.9752e-06,4.303e-05,1.9353e-05
208.01,2.4862e-05,2.424e-05,1.2386e-05
208.98,2.4746e-05,3.2753e-05,1.6435e-06
209.96,1.6936e-05,2.6887e-05,9.3575e-06
210.94,1.5492e-05,1.9828e-05,1.8493e-05
211.91,2.2482e-05,1.8127e-05,3.153e-06
212.89,1.742e-05,2.0572e-05,4.6153e-06
213.87,1.5608e-05,1.8324e-05,4.7066e-06
214.84,9.927e-06,7.2784e-05,9.9651e-06
215.82,3.386e-05,1.7873e-05,1.5271e-05
216.8,5.2865e-06,1.1963e-05,1.8325e-05
217.77,3.0025e-05,8.7403e-06,1.165e-05
218.75,1.3863e-05,6.214e-05,9.4724e-06
219.73,5.4109e-06,1.9353e-05,1.0433e-05
220.7,2.2603e-05,6.0928e-06,4.1179e-06
221.68,1.0944e-05,8.5698e-06,1.0555e-05
222.66,7.8326e-06,4.855e-05,1.0972e-05
223.63,1.7766e-05,1.0469e-05,3.1019e-06
224.61,1.662e-05,1.6283e-05,3.1005e-06
225.59,8.281e-06,3.2858e-05,7.0483e-06
226.56,1.1232e-05,4.9004e-05,2.1906e-05
227.54,2.9776e-05,1.4804e-05,9.2135e-06
228.52,1.5494e-05,1.2317e-05,9.1766e-06
229.49,8.5736e-06,3.3136e-05,7.2696e-06
230.47,2.0056e-06,4.4121e-05,1.2651e-05
231.45,5.8942e-06,2.0405e-05,1.0976e-05
232.42,1.0845e-05,6.2836e-06,9.1628e-06
233.4,1.5965e-05,2.0185e-05,9.4854e-06
234.38,1.4998e-05,6.5557e-05,5.6888e-06
235.35,1.732e-05,5.4779e-06,5.1372e-06
236.33,3.5482e-05,1.9634e-05,1.1413e-06
237.3,1.3515e-05,1.1523e-05,7.7439e-06
238.28,2.6499e-05,4.3001e-05,1.1764e-05
239.26,2.0636e-05,6.4826e-06,1.1459e-05
240.23,1.9584e-05,2.749e-05,1.0262e-05
241.21,2.5966e-05,2.0878e-05,2.7092e-06
242.19,3.1861e-05,2.3071e-05,1.2385e-05
243.16,7.1045e-06,2.8429e-05,3.8658e-06
244.14,1.9106e-05,2.7216e-05,6.7705e-06
245.12,1.5312e-05,1.9834e-05,1.1471e-05
246.09,7.898e-06,2.4732e-05,1.3392e-05
247.07,2.385e-05,4.3092e-06,6.062e-06
248.05,3.6017e-05,3.523e-05,7.0611e-06
249.02,2.686e-05,2.1905e-05,1.1584e-05
250,0.00039525,0.00032913,1.4751e-05
250.98,2.1184e-05,3.4702e-05,7.4502e-06
251.95,1.8668e-05,1.5832e-05,8.8333e-06
252.93,2.6249e-05,2.7181e-05,6.9391e-06
253.91,1.4525e-05,3.9985e-05,1.863e-05
254.88,7.1623e-06,3.8045e-05,1.8033e-05
255.86,1.4249e-05,2.9599e-05,7.5084e-06
256.84,1.5488e-05,1.364e-05,1.3388e-05
257.81,2.0608e-05,2.4367e-05,1.02e-05
258.79,1.0614e-05,2.056e-05,6.873e-06
259.77,1.2205e-05,9.3964e-06,1.3005e-05
260.74,1.1921e-05,1.8654e-05,4.8656e-06
261.72,2.463e-05,3.2469e-05,1.292e-05
262.7,1.9803e-05,1.8332e-05,3.6502e-06
263.67,2.1812e-05,1.6441e-05,1.5043e-06
264.65,2.4872e-05,8.734e-06,8.1397e-06
265.63,9.4969e-06,1.5746e-05,8.221e-06
266.6,1.6354e-05,1.8334e-05,5.9987e-06
267.58,1.5185e-05,1.4411e-05,2.6814e-06
268.55,1.3341e-05,1.8616e-05,3.437e-06
269.53,1.3777e-05,1.5674e-05,1.5746e-05
270.51,2.9087e-05,1.3658e-05,1.0008e-05
271.48,1.2415e-05,9.9417e-06,5.0398e-06
272.46,1.2276e-05,3.1379e-05,1.1806e-06
273.44,1.3763e-05,3.7789e-05,1.2917e-05
274.41,1.2406e-05,3.1418e-05,1.6182e-05
275.39,1.6047e-05,2.6883e-05,9.7704e-06
276.37,1.3137e-05,1.7024e-05,9.2263e-06
277.34,7.3399e-06,1.7166e-05,7.9126e-06
278.32,9.4509e-06,1.8346e-05,4.7589e-06
279.3,1.5553e-05,1.7404e-06,9.2683e-06
280.27,7.2736e-06,2.5101e-05,1.5372e-05
281.25,1.0093e-05,3.121e-05,2.1823e-05
282.23,2.9977e-05,4.5984e-06,9.2872e-06
283.2,3.2284e-05,1.9082e-05,1.0249e-05
284.18,9.7752e-06,1.6319e-05,4.1123e-06
285.16,4.2763e-06,2.0633e-05,9.9063e-06
286.13,1.5881e-05,3.7869e-05,7.7749e-06
287.11,1.7468e-05,2.7244e-05,1.0625e-05
288.09,2.0598e-05,1.6333e-05,7.7993e-06
289.06,7.6033e-06,2.0025e-05,5.8172e-06
290.04,2.1186e-05,1.5169e-05,4.1714e-06
291.02,1.6011e-05,2.123e-05,9.8808e-06
291.99,2.8803e-05,3.5766e-05,5.6816e-06
292.97,1.5489e-05,3.6062e-05,1.1566e-05
293.95,6.989e-06,1.2226e-05,1.394e-05
294.92,2.7162e-05,5.482e-06,1.5081e-05
295.9,1.4189e-05,2.6863e-05,1.7094e-05
296.88,1.9833e-05,3.4947e-05,1.656e-05
297.85,4.0197e-06,3.3944e-05,6.2375e-06
298.83,1.8969e-05,2.217e-05,9.0179e-06
299.8,2.1547e-05,1.7139e-05,5.1128e-06
300.78,2.3693e-05,3.3428e-05,1.8325e-05
301.76,9.5314e-06,2.1494e-05,6.1253e-06
302.73,8.1227e-06,1.6626e-05,1.0033e-05
303.71,7.797e-06,3.2838e-05,1.3426e-05
304.69,2.0937e-05,2.4875e-05,5.3868e-06
305.66,1.4029e-05,2.2928e-05,7.6561e-06
306.64,1.3529e-05,1.1776e-05,2.7201e-06
307.62,2.7805e-05,2.3597e-05,1.138e-05
308.59,3.4724e-05,2.0317e-05,2.1955e-05
309.57,2.7844e-05,1.4489e-05,1.7273e-05
310.55,2.1928e-05,2.867e-05,5.6998e-06
311.52,1.7212e-05,2.8787e-05,5.0894e-06
312.5,0.0001078,0.00011125,1.2107e-05
313.48,8.2192e-06,2.6958e-05,3.0059e-06
314.45,8.5782e-06,2.3571e-05,4.0454e-06
315.43,7.5417e-06,1.9898e-05,3.4071e-06
316.41,1.7468e-05,3.3599e-05,1.2817e-05
317.38,2.1144e-05,1.279e-05,1.7408e-06
318.36,2.0953e-05,5.8975e-06,3.1545e-06
319.34,1.9794e-05,1.9781e-05,7.9661e-06
320.31,6.7762e-06,3.618e-05,1.535e-05
321.29,2.8254e-05,2.3946e-05,7.4418e-06
322.27,3.5519e-06,8.8098e-06,1.0042e-05
323.24,2.0714e-05,2.1321e-05,9.2502e-06
324.22,1.1041e-05,5.6064e-05,1.0999e-05
325.2,1.2343e-05,2.2202e-05,5.9162e-06
326.17,1.9876e-05,7.9984e-06,5.2508e-06
327.15,9.8475e-06,1.9671e-05,3.4305e-06
328.13,1.6358e-05,2.89e-05,8.415e-06
329.1,3.0671e-05,5.8991e-06,9.0805e-06
330.08,3.842e-06,1.6012e-05,1.0572e-05
331.05,6.4697e-06,2.2143e-05,2.6417e-06
332.03,6.9271e-06,7.0333e-05,1.5783e-05
333.01,2.108e-05,3.0033e-05,9.7668e-06
333.98,8.5471e-06,1.3608e-05,6.2983e-06
334.96,2.0914e-05,2.1118e-05,3.4314e-06
335.94,4.498e-06,4.0904e-05,1.6009e-05
336.91,1.2467e-05,3.315e-05,9.0481e-06
337.89,7.4363e-06,1.3895e-05,7.0056e-06
338.87,1.4159e-05,1.4135e-05,5.2038e-06
339.84,6.1251e-06,5.2988e-05,5.6301e-06
340.82,2.539e-05,3.3519e-05,1.3184e-05
341.8,1.5328e-06,1.7637e-05,7.68e-06
342.77,2.8888e-05,1.6655e-05,1.0078e-05
343.75,1.655e-05,4.3342e-05,1.1446e-05
344.73,2.3697e-05,3.5437e-06,8.1332e-06
345.7,8.6551e-06,3.7956e-05,1.6088e-05
346.68,1.9778e-05,7.7965e-06,5.1619e-06
347.66,6.6688e-06,2.3144e-05,2.0488e-05
348.63,2.4711e-05,1.2367e-05,1.9118e-05
349.61,1.404e-05,1.2452e-05,9.6341e-06
350.59,1.0256e-05,3.7096e-06,1.1781e-06
351.56,1.2377e-05,4.0618e-05,1.3314e-05
352.54,3.9912e-06,2.0796e-05,9.2519e-06
353.52,1.2173e-05,1.6028e-05,7.3232e-06
354.49,5.3073e-06,2.5382e-06,9.9914e-06
355.47,1.0441e-05,3.2194e-05,1.8905e-05
356.45,3.0678e-05,1.71e-05,1.5892e-05
357.42,1.4841e-05,5.0354e-06,8.076e-06
358.4,1.1357e-05,1.7047e-05,1.1873e-05
359.38,1.8453e-05,4.2396e-05,7.7441e-06
360.35,2.1997e-05,1.6017e-06,9.7217e-06
361.33,5.8093e-06,2.1271e-05,1.1721e-05
362.3,2.1732e-05,2.6873e-05,5.7349e-06
363.28,1.3561e-05,2.9071e-05,1.3858e-05
364.26,9.9296e-06,2.3091e-05,1.7221e-05
365.23,5.2122e-06,1.8593e-05,8.6434e-06
366.21,6.8957e-06,3.0476e-05,4.0372e-06
367.19,8.79e-06,5.8938e-06,1.5983e-05
368.16,3.5454e-05,7.3251e-06,5.603e-06
369.14,1.191e-05,2.3871e-05,4.6567e-06
370.12,2.5144e-05,2.1338e-05,1.1467e-05
371.09,1.9809e-05,4.913e-05,2.7504e-05
372.07,9.214e-06,1.205e-05,1.4245e-05
373.05,2.4877e-05,1.449e-05,6.2463e-06
374.02,8.2111e-06,2.7167e-05,7.1202e-06
375,6.82e-05,9.1091e-05,7.0734e-06
375.98,1.9858e-05,3.6269e-05,1.6566e-05
376.95,1.6055e-05,2.5433e-05,1.0247e-05
377.93,9.1296e-06,1.875e-05,1.8387e-06
378.91,1.4429e-05,4.6467e-05,1.9298e-06
379.88,1.1162e-05,2.2472e-05,5.8403e-06
380.86,1.8711e-05,8.7858e-06,1.0056e-05
381.84,3.7719e-05,2.1247e-05,8.3137e-06
382.81,7.0875e-06,3.0756e-05,1.3797e-05
383.79,1.5508e-05,1.9022e-05,6.7142e-06
384.77,4.3374e-06,9.7122e-06,8.1165e-06
385.74,2.5869e-05,1.2005e-05,1.4165e-06
386.72,9.7904e-06,3.7493e-05,2.3099e-05
387.7,9.3357e-06,2.3903e-05,1.5577e-05
388.67,3.1325e-05,1.3921e-05,9.9772e-06
389.65,2.4145e-05,3.0095e-05,3.6185e-06
390.63,2.5447e-05,4.9587e-05,1.5884e-05
391.6,2.1304e-05,5.6056e-06,1.2308e-05
392.58,1.7536e-05,2.1288e-05,1.0699e-05
393.55,1.0864e-05,2.4263e-05,7.014e-06
394.53,1.9031e-05,3.3759e-05,7.7581e-06
395.51,7.4062e-06,5.8486e-06,5.2556e-06
396.48,1.1391e-05,6.5074e-06,4.5382e-06
397.46,2.5186e-05,2.0967e-05,9.456e-06
398.44,3.5407e-06,3.4107e-05,1.0933e-05
399.41,8.3671e-06,1.175e-05,6.4139e-06
400.39,2.5941e-05,7.7076e-06,9.5866e-06
401.37,2.1939e-05,1.5412e-05,7.2446e-07
402.34,1.2506e-05,4.6954e-05,1.3773e-05
403.32,2.65e-05,3.2704e-05,3.5589e-06
404.3,6.088e-06,1.3554e-05,6.0614e-06
405.27,7.0703e-06,4.6384e-06,8.4258e-06
406.25,2.3943e-05,1.1247e-05,1.6111e-05
407.23,1.353e-05,1.7328e-05,1.6186e-05
408.2,1.6429e-05,2.2971e-05,7.1096e-06
409.18,1.588e-05,3.8594e-05,7.5118e-06
410.16,2.0182e-05,3.2159e-05,1.2775e-05
411.13,2.0856e-05,6.2478e-06,2.3238e-06
412.11,3.2772e-05,1.4072e-05,1.2252e-05
413.09,2.2461e-05,1.0514e-05,1.2795e-05
414.06,2.1801e-05,2.8351e-05,3.7508e-06
415.04,1.512e-05,1.2468e-05,4.0611e-06
416.02,1.8475e-05,1.8418e-05,1.0151e-05
416.99,1.7452e-05,1.8457e-05,7.4624e-06
417.97,5.9794e-06,2.9743e-05,1.186e-05
418.95,2.0014e-05,2.2044e-05,1.1244e-05
419.92,1.6036e-05,2.781e-05,7.6369e-06
420.9,1.4516e-05,5.6754e-06,6.7234e-06
421.88,4.0068e-06,3.2766e-05,1.9981e-05
422.85,3.5061e-05,7.3557e-06,9.0931e-06
423.83,2.5893e-05,2.02e-05,5.0506e-06
424.8,1.6977e-05,1.0546e-05,7.5668e-06
425.78,1.6179e-05,5.097e-05,8.9739e-06
426.76,1.0448e-05,3.6818e-05,3.1549e-06
427.73,7.8056e-06,3.0323e-05,8.2421e-06
428.71,2.1585e-05,9.7791e-06,7.3503e-06
429.69,6.0183e-06,3.4217e-05,1.4571e-05
430.66,1.7162e-05,2.8977e-05,1.6526e-05
431.64,1.5095e-05,1.5819e-05,1.9896e-05
432.62,1.4209e-05,9.8386e-06,2.3594e-05
433.59,3.3411e-05,3.5617e-05,1.5353e-05
434.57,3.1501e-05,2.7234e-05,1.02e-05
435.55,1.0779e-05,1.8418e-05,7.7659e-06
436.52,2.7844e-05,2.095e-05,2.0322e-05
437.5,0.00010275,9.2893e-05,3.0413e-05
438.48,1.3323e-05,1.8439e-05,8.6885e-06
439.45,3.7496e-05,4.1499e-05,7.6692e-06
440.43,4.5631e-05,2.5297e-05,1.2198e-05
441.41,2.8888e-05,4.0714e-05,1.8813e-05
442.38,1.1484e-05,1.0146e-05,1.0911e-05
443.36,1.4752e-05,1.4535e-05,5.566e-06
444.34,3.5748e-05,1.5857e-05,8.6403e-06
445.31,1.9065e-05,4.1519e-05,6.933e-06
446.29,8.2416e-06,2.2024e-05,1.5607e-05
447.27,2.5567e-05,8.8729e-06,1.4103e-05
448.24,2.2542e-06,1.6134e-05,7.3661e-06
449.22,1.5082e-05,4.4952e-05,5.5117e-06
450.2,1.2454e-05,2.0081e-05,5.7144e-06
451.17,1.3736e-05,5.33e-06,5.1499e-06
452.15,9.7131e-06,1.0399e-05,7.3017e-06
453.13,7.1826e-06,6.729e-05,6.901e-06
454.1,3.959e-05,1.8702e-05,5.754e-06
455.08,1.3108e-05,3.1756e-05,9.6132e-06
456.05,1.077e-05,7.7364e-06,7.7344e-06
457.03,1.0745e-05,4.1609e-05,2.0699e-05
458.01,1.366e-05,2.6431e-05,1.0663e-05
458.98,1.4545e-05,1.4744e-05,9.9843e-06
459.96,3.5654e-06,3.1261e-05,1.052e-06
460.94,5.0278e-06,5.548e-05,2.0345e-05
461.91,2.3273e-05,1.7222e-05,1.5076e-05
462.89,2.4941e-05,4.678e-06,9.9399e-06
463.87,1.3193e-05,4.5074e-05,1.8324e-06
464.84,1.0456e-05,3.0775e-05,9.4073e-06
465.82,1.4113e-05,1.7007e-05,1.1476e-05
466.8,2.0547e-05,1.4536e-05,9.6914e-06
467.77,2.7396e-05,8.5769e-06,1.2961e-05
468.75,2.7656e-05,3.4616e-05,1.6654e-05
469.73,3.9003e-05,9.1321e-06,8.8918e-06
470.7,2.4415e-05,5.1201e-06,1.0971e-05
471.68,2.0513e-05,5.2007e-07,1.1629e-05
472.66,1.1037e-05,3.7899e-05,1.1559e-05
473.63,2.2833e-06,1.7478e-05,1.5589e-05
474.61,1.7297e-05,1.5782e-05,1.6817e-05
475.59,1.8464e-05,1.2854e-05,1.1059e-05
476.56,1.4258e-06,5.1421e-05,1.5562e-05
477.54,2.2295e-05,3.6522e-05,6.0047e-06
478.52,2.672e-05,2.7159e-05,4.1173e-06
479.49,4.2387e-06,7.8138e-06,5.9683e-06
480.47,6.2289e-06,7.4227e-05,9.0076e-06
481.45,3.6606e-06,1.4335e-05,6.3671e-06
482.42,2.7042e-05,1.9195e-05,1.451e-05
483.4,2.1593e-05,2.0884e-05,1.567e-05
484.38,2.8459e-05,1.5646e-05,1.7598e-06
485.35,4.0007e-05,2.9022e-05,9.6094e-06
486.33,3.4622e-05,2.0491e-05,1.4352e-05
487.3,2.0003e-05,1.8999e-05,1.1602e-05
488.28,1.5599e-05,3.6666e-05,5.5655e-06
489.26,5.2094e-05,3.3825e-05,1.6614e-06
490.23,1.505e-05,2.3957e-05,6.5508e-06
491.21,2.2028e-05,5.4596e-05,6.2798e-06
492.19,2.6316e-05,3.7597e-05,1.7558e-05
493.16,9.4242e-06,2.0227e-05,1.4701e-05
494.14,3.342e-05,2.3044e-05,1.4093e-05
495.12,8.2313e-06,2.4068e-05,5.0467e-06
496.09,4.2191e-05,3.8199e-05,7.5133e-06
497.07,8.4774e-05,1.5449e-05,4.1375e-06
498.05,5.2352e-05,4.6231e-05,4.9468e-06
499.02,2.2825e-05,2.5286e-05,2.1169e-05
500,0.0008521,0.00062007,3.36e-05
